{"cameraMode":{"drawMode":0,"name":"Shaded","section":"Shading Mode"},"sceneLighting":false,"audioPlay":false,"sceneViewState":{"showFog":true,"showMaterialUpdate":true,"showSkybox":true,"showFlares":true,"showImageEffects":true,"showParticleSystems":true},"in2DMode":false,"pivot":{"x":-6.719390392303467,"y":-38.39961242675781,"z":0.5891016721725464},"rotation":{"x":-0.4920826852321625,"y":-0.5077478885650635,"z":0.48917001485824587,"w":-0.5106775760650635},"size":103.81751251220703,"orthographic":false}